x1,x2,y
41.02209025148428,32.3363776051085,1.0
39.01157899866679,32.0141305065632,1.0
23.303422708773876,15.60183305132886,2.0
39.73965158318091,30.997413153070553,1.0
7.278191584771159,18.281896811874223,0.0
22.79327106982757,17.45173354320678,2.0
10.294072885660272,17.405756204182417,0.0
7.198784754441884,17.562523428689357,0.0
38.89489259043599,31.58839680557336,1.0
23.109232531851426,16.62942842768952,2.0
21.617034658177904,17.341477681189524,2.0
39.73472870591407,30.945341279811636,1.0
37.90443777999794,31.1088059803215,1.0
37.88374659636351,31.361811332306257,1.0
23.86835982880901,17.489925284637618,2.0
7.520433001610608,16.96615599889047,0.0
22.305917572355124,17.43238172210156,2.0
23.069441973002185,17.19992302588233,2.0
7.374903277411533,18.505886072102314,0.0
39.524358036506094,32.5506683697375,1.0
23.759529829482563,17.08709303724857,2.0
24.72673687685756,18.2245986729583,2.0
8.269552334337211,17.82649413443425,0.0
40.54263430506918,33.98425651007689,1.0
22.479275378062585,18.534431453788056,2.0
6.914024302946479,18.118027353292465,0.0
23.55196514022489,16.537467373621794,2.0
8.60836653760169,17.108963176663515,0.0
37.20251350199059,31.953274735325405,1.0
9.342108534788078,16.55238141640031,0.0
7.367909596430985,18.297929441600456,0.0
6.425092399798479,17.745575431237302,0.0
6.797862765239822,15.806412990549457,0.0
8.227467026863971,15.74201030571367,0.0
21.76774723989013,17.914774284194525,2.0
9.405247069033054,18.141201848818596,0.0
7.670464153121342,18.809399210178103,0.0
6.180170418919155,17.68072891544494,0.0
7.936047367217148,17.972290057703734,0.0
24.493323093643067,17.631473621979254,2.0
39.123483845388904,30.97509674431334,1.0
39.238101082532125,30.18460769856718,1.0
7.582553345067281,16.635643311368952,0.0
22.44211387726477,18.151699184014728,2.0
23.24166767629378,18.974828839349144,2.0
7.533295390516277,15.244371141909753,0.0
38.56431099781322,31.828778537044787,1.0
22.331996393133124,17.598868220863974,2.0
38.718598948714025,31.249091936829696,1.0
39.190094099788034,31.377848855759403,1.0
8.492051736107841,19.073784659094514,0.0
8.02496271324787,18.388786626666104,0.0
39.173993010655586,33.203784460698365,1.0
8.742775693781633,18.19669138651515,0.0
22.664202313794423,17.80446052718132,2.0
6.853327755439995,17.83891827981971,0.0
39.22468804385532,29.524681692683046,1.0
5.409174881450319,17.42045517021557,0.0
39.07910193032809,30.080624555086253,1.0
21.812539055597885,18.120889219396588,2.0
8.113634841398234,16.796899821749125,0.0
7.672356365457996,15.92881979593154,0.0
22.676674602832165,19.444327187366234,2.0
23.738319684508696,17.32449303515497,2.0
7.619428617714658,17.614838593555454,0.0
40.333631389126104,33.4551092549011,1.0
21.74500912994856,17.01704142236604,2.0
37.36462057867149,33.473405661690116,1.0
39.113288874179446,30.62856277851068,1.0
22.10534491240048,17.60808439469008,2.0
23.102666366395216,17.380302133914842,2.0
24.756484491475643,17.102297677961925,2.0
38.505518473157,31.849476775417745,1.0
24.692891791047707,18.62605780454468,2.0
22.957056724206407,15.521384762977183,2.0
6.425604362478547,16.41475191908949,0.0
24.017906787266206,18.54249156499719,2.0
39.32627308218656,29.337272832334993,1.0
8.742856050179434,18.145806135155116,0.0
22.625393976097573,16.750707900499382,2.0
8.058796477098026,16.81291250905319,0.0
5.7775616779858066,17.205078289946226,0.0
6.99744128137298,18.381734017895436,0.0
37.13335393973705,31.32066767460339,1.0
7.710181236022799,15.722808820318637,0.0
38.84207671158556,31.895523388702745,1.0
9.765244876133899,18.191225467720898,0.0
8.909788467089673,17.621716472910215,0.0
22.75441358254126,17.230266112636336,2.0
22.55346368433213,18.86625570133777,2.0
37.99750891251606,31.44886418129916,1.0
38.96379285483863,30.573305707257724,1.0
23.31404592479101,17.2828722899821,2.0
8.295069185888226,16.966454774286586,0.0
24.595962084188297,17.509464187708744,2.0
24.13621030851628,17.743025954565784,2.0
40.29694278134568,31.648599677528296,1.0
6.96471771619146,17.989894240699535,0.0
22.551569897777867,18.363027472995704,2.0
24.548685228499913,17.826760131067765,2.0
8.808574129835177,17.091302845495544,0.0
9.363485098930084,16.99107154618618,0.0
7.739924249074308,17.981343111710608,0.0
8.932640653533186,17.780424969189248,0.0
23.796180003559165,17.427957633190385,2.0
38.38250944234108,31.4646068786898,1.0
36.79260121248195,33.364162068724404,1.0
10.641414758084663,17.41512615304382,0.0
8.399309793370435,17.791314858688246,0.0
7.5502050749230145,16.682772141310835,0.0
22.937891732235787,17.353063573265846,2.0
22.162616014620564,17.308397804387724,2.0
7.971351511201219,16.89376393329711,0.0
6.065225500861766,16.37398703067961,0.0
22.955527678520138,18.144415664316092,2.0
8.342037377600473,17.61132315040755,0.0
23.903712018897675,17.272317752258704,2.0
8.083868430286554,18.60651615267009,0.0
22.51616347265879,16.89441041002933,2.0
7.69131166882667,18.562909993894365,0.0
7.419565837283027,17.506187498157477,0.0
21.184827762121472,17.511264515108106,2.0
7.940409136265193,16.253668647169288,0.0
38.51926863028222,30.941027562414718,1.0
23.968002040796343,17.84092559167836,2.0
40.01223706150506,32.47478985313035,1.0
23.524215780852423,19.030366496983,2.0
38.830388698339945,31.349104854552124,1.0
6.541488708798437,16.69210874426266,0.0
41.1733178567439,32.43456561696313,1.0
40.39563134483227,31.892404620938887,1.0
24.048777965580864,17.960323783088775,2.0
23.634604656193616,19.453872706214135,2.0
23.945836121464247,16.092924879181123,2.0
39.05619231590921,30.78421890342624,1.0
37.60680024449599,30.401379160554374,1.0
39.598079538364914,30.969950038210982,1.0
23.174190549255812,18.89019857327773,2.0
39.91170581901569,31.093342799191927,1.0
8.935727302830639,17.28735170428638,0.0
8.730203886461329,16.364925259022993,0.0
38.687375757078534,32.01413956714859,1.0
7.718769263427322,19.377468784358157,0.0
38.97070061774056,32.35051957248446,1.0
38.76216903776433,32.96751983509781,1.0
37.513852069463006,30.47079834959651,1.0
38.6404437898929,31.968144517391373,1.0
23.77877886167247,17.253547010808617,2.0
23.909069299707063,17.593203602789842,2.0
22.35493212905377,18.391814926062,2.0
7.8767404731115915,16.951937486629703,0.0
37.12675664045321,32.38383852288526,1.0
23.897015099478924,17.231520450793184,2.0
38.637170521436275,29.320838075196466,1.0
37.892361317278116,32.786559643692165,1.0
38.51055824246616,31.871583273247893,1.0
23.907247659633647,15.747798546664203,2.0
7.5768746983330715,18.701118008990022,0.0
22.659719995046274,16.086879366663908,2.0
24.458986589565633,18.22867529740204,2.0
24.732687410454364,19.755986554967105,2.0
23.032344753425033,17.724196488463775,2.0
38.97621841432632,32.744999908058176,1.0
7.961314167364409,17.05789586682429,0.0
8.23419360964073,17.42450867116399,0.0
22.57142569605562,18.761226156803076,2.0
7.945739503297701,16.701371534246473,0.0
24.148316288032227,18.570305847764924,2.0
8.24783019792822,19.11084830356198,0.0
23.486042085582465,17.39498807102884,2.0
24.908049150839904,16.49639022726344,2.0
38.89887395012553,31.616661522656717,1.0
22.71843689145622,18.139529477233296,2.0
7.238275898233636,16.702832443789067,0.0
23.083215894947728,17.95878283207973,2.0
7.791068916473018,17.16945148634879,0.0
8.251307368256695,16.743681252998943,0.0
38.44190005759969,32.06967048195635,1.0
7.823883136173234,17.45629194807954,0.0
37.263437095636206,31.38317844895585,1.0
22.37003370848951,17.039950252093927,2.0
40.87079982664203,32.45940353178267,1.0
22.819906795508214,19.18885398760624,2.0
38.57637944338634,32.62132023775644,1.0
6.83976574712352,16.768460306055445,0.0
21.9320484166317,16.442947740138308,2.0
38.506523972514636,31.844156841373756,1.0
7.790171972889168,17.160178924441826,0.0
21.767061991903866,18.682540864706528,2.0
38.7314558234698,31.98368388522306,1.0
23.765441856104996,16.627963131215004,2.0
39.51435037290741,31.633537335119794,1.0
37.813261569155856,32.019907947996174,1.0
22.676579514236792,18.917331352555667,2.0
9.445701186569673,17.32992240733385,0.0
8.942980291394086,17.261642555571783,0.0
39.57339038487707,29.477859057940215,1.0
23.44146360097026,17.329317143154483,2.0
22.80483205276691,17.33862094725882,2.0
38.71720946772027,29.755083236780848,1.0
39.05641775322648,30.26841527857599,1.0
40.44326424496411,31.79676743728201,1.0
38.48651576524538,32.48610700399603,1.0
21.93853260482187,16.754293994720353,2.0
38.57149038226472,30.1163751306293,1.0
8.760792499423186,18.851384538512292,0.0
8.327681628533712,18.72361368074855,0.0
38.26597531360501,29.555462727735506,1.0
23.549968238109734,17.253989820574578,2.0
38.61049896170907,31.423433670527864,1.0
40.04693505553199,32.19144801403343,1.0
22.62740206047071,19.044648845877802,2.0
38.29573234741463,32.19030211801225,1.0
7.542105117821391,17.388971070188962,0.0
9.16284398399022,17.22511109757894,0.0
38.21867205891816,32.8189066560577,1.0
21.779616755025145,17.566117455177423,2.0
7.1449159977987335,16.106034860260493,0.0
23.139288312709972,15.770162011505164,2.0
22.594164495780735,16.441993948879272,2.0
6.617281546549717,16.660517685774085,0.0
23.521975890166868,18.1888726816187,2.0
38.58413447170784,31.678441605467167,1.0
39.72305541059945,32.41903500040827,1.0
7.033903338166304,15.076384335805386,0.0
38.58943961621986,30.355653234658334,1.0
36.76440896731841,32.93768848716844,1.0
7.380828199364657,17.530966459775055,0.0
24.1936083314803,18.6883457742543,2.0
38.963119096420435,30.574149634359934,1.0
37.67180426995096,31.254401310138416,1.0
38.22114156447777,29.526192472317312,1.0
38.10679361253963,30.33191159504885,1.0
22.901753356864454,18.856386608272786,2.0
37.896580013183645,33.20070725787524,1.0
20.293352637583013,17.438940663021302,2.0
39.236851479248536,31.607634455013237,1.0
22.016220397334777,15.035014387029998,2.0
39.92036553276826,32.61319144740718,1.0
8.142038997970138,18.07387127129764,0.0
24.272152937750906,19.27091287568338,2.0
39.976718230475804,31.224702816506195,1.0
23.59787414348573,16.50247024567991,2.0
38.653100846116196,31.983896912443363,1.0
23.106940468742632,17.70965160723502,2.0
9.070460704285617,17.818633806229684,0.0
38.823974252651254,32.37024165274313,1.0
22.82320473446498,15.948430537531213,2.0
38.466638374387436,32.494393153180305,1.0
6.657896685250195,18.097801524736767,0.0
21.62744518882095,18.84957826936434,2.0
38.90496657874082,31.2749618053941,1.0
7.018374192933956,17.783627795961827,0.0
9.089739473898446,18.645999121039154,0.0
8.356967479689741,18.652722172311215,0.0
8.36239765290123,19.121767012910738,0.0
38.40451511623307,30.940932560049013,1.0
23.02310169039083,17.733985411308662,2.0
38.56339512545785,30.7304852045814,1.0
5.476158627582305,18.49000929787647,0.0
8.922357366483146,16.287513084825544,0.0
23.602833987778446,17.217245668468443,2.0
37.94133546283141,31.447297143380933,1.0
7.612593350095278,18.65810692686612,0.0
7.777951912351455,16.065065736337477,0.0
8.9690229675889,16.898730244965883,0.0
23.222393417530665,16.0623919705811,2.0
22.282655629862592,16.61496190991427,2.0
38.57265270759039,31.80898599668967,1.0
23.589825656725512,16.159999755839518,2.0
24.02736974100808,17.167960194595626,2.0
40.115065481845264,31.615010625285183,1.0
8.713976502339012,18.90164520449732,0.0
24.294375248901257,16.934239528221713,2.0
6.220025296059242,18.518293315731736,0.0
37.04626480629613,31.039321527745134,1.0
37.21685328769951,32.494254536200394,1.0
21.726885181331404,16.390958538398593,2.0
37.32675979792781,32.62567344386259,1.0
39.73790870568756,30.46642807956987,1.0
23.564644855449895,17.81485676434762,2.0
36.37251010441197,31.878426872377453,1.0
38.835910409655646,31.464545807669836,1.0
39.53452705348491,32.98503446502712,1.0
23.401478305683078,17.223319926294945,2.0
23.451494404899304,19.54185162949334,2.0
21.855566555940154,17.735971761135584,2.0
39.085712400745976,32.56823031623041,1.0
38.89084148250554,33.505774243755894,1.0
6.59149171395654,18.18638900159047,0.0
9.39332612847246,17.292065704206795,0.0
8.727125054479318,17.630687003823926,0.0
23.67866380101716,17.933861190926258,2.0
24.046999528279354,18.68184942670139,2.0
39.36147340966872,29.998323990320227,1.0
8.745428193036503,20.417540280913194,0.0
39.65377481306217,30.542272775093608,1.0
37.7376232022538,31.952425906666388,1.0
24.14160274028334,17.12364355385749,2.0
38.32242081939098,32.92849462920511,1.0
8.047022306028706,17.514522210251716,0.0
24.28662336130112,17.561997687725228,2.0
39.39061249087306,31.63705764182126,1.0
23.961844461595383,17.283797579042684,2.0
23.365788241431343,16.30898361579061,2.0
38.73082288141171,31.755769523819335,1.0
7.967295581412423,17.768706616972555,0.0
6.688419175687407,17.41019275767117,0.0
8.458331224201311,18.640151348298858,0.0
38.17815830050332,29.609728403683594,1.0
37.76042401558199,31.616785506491354,1.0
7.523347032539889,17.3977167876263,0.0
23.15552410385348,18.831806293622567,2.0
39.1000986372938,33.978859375507476,1.0
39.16795788020498,31.834695425219905,1.0
21.91760082584209,18.6365482780577,2.0
9.360119070241524,19.4736324346213,0.0
39.89316121734987,30.68641899237935,1.0
37.188826499601326,32.42124169107405,1.0
25.393652819101067,18.13166263278814,2.0
40.81253170629617,29.875054078581567,1.0
9.337172931763014,18.696141749836155,0.0
7.274325854314409,16.35482919550426,0.0
24.480789572481605,16.872573904628098,2.0
6.333537189532656,17.3448760994425,0.0
8.236089513247085,16.929640358024816,0.0
37.24064277071862,32.02885967151451,1.0
7.702086090667058,17.410529723104776,0.0
23.14500108332522,16.5927340950841,2.0
4.71885217904983,18.33589946069678,0.0
6.338515643041255,17.870550553291622,0.0
8.084952494547718,18.73068836317133,0.0
37.02260661923528,31.131423554570414,1.0
8.81011029325855,18.60397649021132,0.0
22.68400628915081,18.067329432842644,2.0
22.981722481047928,16.74202256847228,2.0
8.029187900165098,16.674200412094102,0.0
6.280787923602132,16.236190052999543,0.0
6.716192973817016,18.81340400369428,0.0
8.3218046877381,17.61782694987098,0.0
8.106824484670293,16.373542002070707,0.0
24.92588303071361,18.35179008381653,2.0
6.911472158223901,17.87025229546564,0.0
39.871698824450306,32.88291302733496,1.0
39.00926937101603,32.05407730515162,1.0
24.227152171834685,19.027948451682644,2.0
9.187723340661968,18.954350599286375,0.0
21.788178979524567,17.95838544400266,2.0
23.27332807308815,16.929875149901633,2.0
24.391439856364286,17.977119695195512,2.0
39.01928470652832,30.361937831453105,1.0
24.394383690157277,17.535111469871143,2.0
24.672810932816457,19.207071682363935,2.0
38.701916730835165,30.428508701037018,1.0
5.858943602934205,18.171740133642587,0.0
23.58820645669796,16.51930748604628,2.0
23.74528183693821,18.11328146860634,2.0
10.295722336844022,19.187438074668073,0.0
38.14831841216955,33.410633533606614,1.0
7.954583562152447,17.792816357347412,0.0
37.5750507359416,33.17922743424529,1.0
7.6571018465800735,17.893221486462707,0.0
23.97439317529792,18.559197540976992,2.0
8.506975283093794,17.426273061930715,0.0
9.344098463568388,17.89978540842791,0.0
7.0979851769735465,18.154972204328402,0.0
23.4056814434559,17.438232920594775,2.0
23.993139140847425,17.273578868453445,2.0
9.801156609168167,17.14808558818232,0.0
22.246022919712637,17.830649218832054,2.0
38.374581031937254,32.44167376666496,1.0
21.74535506879547,16.636390828365425,2.0
23.687917146728445,17.644799128212377,2.0
22.039315884292428,16.772910205648714,2.0
25.234476164455685,18.588977248529147,2.0
22.4945823627955,16.904384301358565,2.0
40.59120064704846,30.903122505699884,1.0
38.22186264169397,32.722093622032205,1.0
7.810212426320499,18.7755266494105,0.0
38.35383897059527,31.34205228574886,1.0
22.81502504140896,19.082882871844557,2.0
38.24858192465575,30.896327350201357,1.0
39.731713133936225,32.390413888033244,1.0
38.44963574816034,30.326977631618707,1.0
5.489365810505918,16.775141653437466,0.0
37.61749288068866,32.772409258843716,1.0
38.18176710763823,30.379073140389554,1.0
22.506910688306665,17.934566249998856,2.0
8.028948127017562,17.94336001915567,0.0
7.466996201038119,17.541922405628313,0.0
38.14420914359062,29.399251989940787,1.0
39.01550817369521,30.532037760151862,1.0
8.509180189583372,17.136125640943636,0.0
22.620826598787,16.63972808323166,2.0
23.526415900829996,17.24537000108982,2.0
24.563045288061396,16.253423787542616,2.0
23.892750751586433,18.77671857893226,2.0
38.67123060394802,31.40451988286725,1.0
23.009091975188774,16.93597857603196,2.0
39.86102482477058,31.180078252307922,1.0
7.682877970260438,17.229263548578366,0.0
8.683559525857241,18.07597272774278,0.0
9.469817189186557,18.226900001256315,0.0
24.22831693783395,17.839359574069963,2.0
22.928427526688182,15.924598363453955,2.0
39.52637577097024,31.451844357217816,1.0
38.57518180462165,31.109817913010563,1.0
8.694545822813579,17.48131318274698,0.0
6.865912465805932,16.750059416026254,0.0
38.068622489749,31.625120883099644,1.0
38.80725106843109,32.69684212239111,1.0
23.38388219569725,17.647389559156117,2.0
22.25843749708334,16.563140997316765,2.0
37.40385956908376,29.49771661841309,1.0
39.381133330798384,30.95777036435211,1.0
23.034211700833833,15.571616385024118,2.0
23.882903577808936,19.30165077745307,2.0
22.751187726214553,17.436219279993963,2.0
6.308522835250248,17.385570949716502,0.0
38.284603422078206,31.48731218218466,1.0
8.455622282146688,18.25465975084567,0.0
8.973270382620196,15.58801682917041,0.0
38.61246963647226,32.308228258472376,1.0
37.74005817118362,32.044834858041284,1.0
25.181602300070583,17.35527404082348,2.0
25.421061492392212,17.96579465894246,2.0
23.337403713745946,16.41454602417738,2.0
24.24701467686112,16.4263004866202,2.0
9.04042127642661,19.143054827397023,0.0
36.52641144108712,32.376952752057825,1.0
8.983287451331629,19.072747813827363,0.0
8.54913298407085,18.75085446785102,0.0
21.81931809782134,18.40676204036971,2.0
22.220486201280092,17.47858451823266,2.0
8.317360123481235,18.149342396138167,0.0
23.193492553969133,16.54415878491352,2.0
39.75624319704735,32.697255508147386,1.0
9.21138992839051,18.66698289326608,0.0
7.108591265100912,17.591128540143092,0.0
8.65320520344207,17.38328476782157,0.0
23.999288046182194,17.17133568920527,2.0
21.692796974044263,16.032147289980625,2.0
23.8740327278346,16.689373636552286,2.0
25.095109778171114,17.411065717358557,2.0
38.806361388203975,32.71360380937191,1.0
7.9941453437877765,18.659492000603564,0.0
37.53389543537732,30.57880057790137,1.0
7.852957643845917,17.868322588119085,0.0
22.38945053981957,17.900501880672916,2.0
40.752851743339306,31.193801132717123,1.0
9.296678294648284,17.89689691104622,0.0
24.392025911681618,17.710289712495708,2.0
23.8442206790835,19.19531188415217,2.0
23.136047119364612,18.72785646496512,2.0
8.84347161041546,16.73984577784141,0.0
22.926526495703065,18.340443774451128,2.0
23.237631474104262,15.913048781846053,2.0
22.60028297687223,19.469097646658845,2.0
37.27190003446675,32.12977872046939,1.0
22.380500991479327,16.821609325977416,2.0
35.581501883879355,31.586870203200856,1.0
22.723014973287405,17.613615771522646,2.0
7.910179721738698,19.82192864535785,0.0
23.198071578217444,18.029700660690814,2.0
22.753830491652625,17.771753882514435,2.0
37.75508578435837,31.35502849493899,1.0
22.223692804551845,18.605176022790058,2.0
36.19487511089952,31.476721403822687,1.0
7.95493783992859,18.408493104095847,0.0
37.58302429900435,32.20359049360786,1.0
22.442281304232903,18.070947103195515,2.0
23.99457230967278,17.039264030502355,2.0
39.21355744802537,31.788955216582256,1.0
23.065000880108087,18.003533034914664,2.0
38.46902872735756,32.34450374743325,1.0
8.446076897354937,18.631394940888057,0.0
38.20929840930208,30.699864096141464,1.0
9.260539429703998,18.484159883328804,0.0
8.023565125173848,15.377503143680228,0.0
23.029782480594914,17.22610907650618,2.0
8.439193449832004,17.38433258879931,0.0
38.62706361034585,30.919952191576158,1.0
39.84412066626382,29.875680159091115,1.0
9.624370254687278,17.99803663950559,0.0
24.36741783669691,18.531826723208965,2.0
39.52250636879442,31.81017976345456,1.0
8.960700080447902,18.01999191238197,0.0
7.705050716202513,17.759778352051615,0.0
39.30498383904258,31.52478721165567,1.0
38.66356675048311,32.16062047934771,1.0
23.73341429358154,19.23584827930226,2.0
25.014106527105948,17.71769764480236,2.0
39.2468836542432,31.04399998930267,1.0
35.80721513449181,30.07922741463005,1.0
38.01841154313127,30.65592402299528,1.0
24.724895091227506,18.2338625607431,2.0
23.531365650578678,17.31877518396836,2.0
22.02603055523422,16.94436009383926,2.0
38.34873123560849,31.225797044216282,1.0
23.56480791337438,18.934747193727897,2.0
8.375202781527197,15.29511526729213,0.0
38.83270994186794,31.432095819336123,1.0
8.426372184584814,18.193039443522647,0.0
6.842970596526893,17.01231207864234,0.0
7.522246646843094,18.404297377144076,0.0
7.778879873818863,17.48831161683529,0.0
38.040587202200136,32.672094261486016,1.0
39.36641413086588,30.71578983086169,1.0
6.446353740275094,17.58138870252809,0.0
40.584454641745666,31.064101417744542,1.0
22.04074902526602,17.674389523165893,2.0
23.689482061424872,17.766876208430027,2.0
39.21778695617121,30.827951738038,1.0
21.769324408943906,17.663909022267553,2.0
20.3982334541428,16.237946543913704,2.0
8.698700951233494,16.93336164794137,0.0
38.031204402992316,28.96554274333348,1.0
38.83043343985681,32.20021369210202,1.0
38.89189324567777,32.25563372446844,1.0
38.07665093486356,31.66341933873856,1.0
38.008161431412006,33.44071538001901,1.0
24.13452309298752,18.698665413795517,2.0
9.381743444334186,19.038971931016526,0.0
8.292389080751875,17.74832894229993,0.0
37.34695337467327,31.846499604994367,1.0
6.971045619028692,18.095211785563382,0.0
8.73081681372828,16.696436764417182,0.0
38.305532467550485,31.637926927938825,1.0
22.742270999847822,17.193264491978386,2.0
37.961939407057244,31.92108345503844,1.0
40.74950879885691,33.089199967436805,1.0
23.59177858257381,17.547080462794437,2.0
22.85040560787293,19.077822450452103,2.0
37.91154073939891,30.958386357952218,1.0
37.96644357661817,32.484289943745026,1.0
6.490467929063931,19.20132976007578,0.0
40.20239859023331,30.792566208209678,1.0
40.51929766552931,31.3447250972141,1.0
7.830726509322093,17.590996671117626,0.0
10.777728802944743,16.168907643363667,0.0
23.060010776160766,16.29909823842751,2.0
22.304109248607478,19.061211201516276,2.0
22.9743895231144,18.07474197632739,2.0
22.79978368825879,17.149019117653772,2.0
37.12410161906001,31.75510801723444,1.0
39.2715996412557,31.61555288579948,1.0
7.1517288961906065,15.75762842750097,0.0
38.45373583375428,31.059020927020796,1.0
37.464787179751895,30.810170014338244,1.0
7.812475538848768,18.737624740283497,0.0
8.951758961929372,17.60691149867478,0.0
38.861860157276375,32.031143633108,1.0
40.52559569504417,32.30177079086613,1.0
38.90578804679771,30.838708768605542,1.0
8.08236381143188,17.234671799504113,0.0
8.210939120433398,20.25237748273935,0.0
8.22085858162192,15.963178567697131,0.0
7.37237107605184,17.84718355246566,0.0
8.439284312925425,17.457838400375348,0.0
41.78122397714816,32.32818184394536,1.0
36.72550130828306,33.03174502472473,1.0
23.5494135786227,17.492119252151653,2.0
6.68688786803452,17.47537477162109,0.0
37.149239689181925,32.19596035819012,1.0
7.78021071239203,17.860463133656424,0.0
39.70052111815531,30.962866345660363,1.0
23.445081757562075,17.04231629542977,2.0
37.88038606709459,30.09293941092168,1.0
6.656620445880903,17.035256950900408,0.0
39.96711035735958,29.95937062575152,1.0
9.890550923241618,17.39066629807321,0.0
38.874480998016594,30.855267362859344,1.0
38.015032422849764,30.910113396410143,1.0
8.227236542564901,16.638502841165575,0.0
8.503566364758843,16.47308587742292,0.0
37.527576867141605,31.06002840565223,1.0
22.98618682631114,17.647594072885664,2.0
20.04147514187428,17.39706524044948,2.0
22.785596908501734,19.10979939456653,2.0
7.231893801774478,18.803120182713233,0.0
22.41032467434606,16.766205207652366,2.0
38.15493011087448,32.42500456171934,1.0
9.14901832628042,18.11406720889691,0.0
23.99954862857327,16.96220251644976,2.0
22.304127692124208,18.234828017778774,2.0
37.487490873892774,30.923689698611255,1.0
23.291732092212968,18.908471735780374,2.0
7.702789642095188,18.0117514245312,0.0
7.054931767322781,17.06991964625376,0.0
39.65867060476629,32.83288369795769,1.0
38.85931934567013,31.161173095799576,1.0
23.448676232071726,19.010234049689323,2.0
7.879622728133444,17.87768621364333,0.0
23.70565380925467,19.419862285779406,2.0
39.13052537233625,31.3049731788711,1.0
39.04126768940835,33.1570176266675,1.0
23.207286280176408,18.20089951449117,2.0
39.755959744892984,29.025387173023944,1.0
23.480738854723953,18.003441962329095,2.0
8.883687380564501,18.163169717251485,0.0
39.7501151817449,30.581987916974903,1.0
23.381621273372094,19.385861347154282,2.0
7.398748733788501,17.33521921207083,0.0
7.248754747856809,18.398189078613257,0.0
22.99542026272854,18.076428912923962,2.0
38.59417592481481,30.88017757546445,1.0
22.99166292759147,16.629344539868647,2.0
38.5851067362986,30.91575291019077,1.0
7.444125157565212,19.22794276476735,0.0
8.798428150551874,17.477733837393814,0.0
6.972108994629599,19.243195883087626,0.0
24.951947206103902,18.071509251015936,2.0
8.625007273216843,18.419191805054908,0.0
9.773020601013872,16.878540016106605,0.0
22.412661499562862,17.56262156021532,2.0
8.231749404034673,15.680935991307402,0.0
8.353919338127827,18.97736655219344,0.0
8.707933795561862,17.567018226917906,0.0
24.302894307849442,16.237618096099837,2.0
8.790853815579949,19.098036617109397,0.0
7.615979027121243,17.84490929730731,0.0
38.58096885798423,30.0218551457688,1.0
38.83059159730602,31.421149781520757,1.0
38.721871270417104,31.433475665743174,1.0
37.128460101386146,32.44463240622513,1.0
37.74013613329851,29.88792606229932,1.0
22.85105724142209,16.651020033678687,2.0
21.350363550051053,17.717952060486276,2.0
24.970584332424473,17.839325947778555,2.0
7.508209782748713,17.296831937644246,0.0
39.38275894363412,32.531490982031144,1.0
21.359318465808325,18.251376828238694,2.0
22.870763262146557,18.370334814978584,2.0
38.72784101725336,31.298623995914088,1.0
22.959795242125924,19.232474982178488,2.0
23.30895007898843,17.8279370197584,2.0
8.972595788979907,16.10816695811418,0.0
38.83564738756921,32.43584120233843,1.0
9.052159106389997,16.644000779477764,0.0
9.13613545379487,17.48158503270875,0.0
25.191812530259035,17.644592835168204,2.0
7.935378935014108,15.629893450374844,0.0
7.78484661460532,17.538108958359235,0.0
38.988857132080526,31.907608182134034,1.0
40.292116669738,31.15471123038765,1.0
7.78748563015505,16.912482521365398,0.0
6.622787684360217,18.515140837051643,0.0
24.7847794522152,16.967841968444997,2.0
7.681720162064306,17.912766293662912,0.0
6.9563368512900166,19.06388566456902,0.0
37.87478535466726,32.02680276900708,1.0
7.624019204531794,17.7032982610943,0.0
26.031056928374205,18.83222385549285,2.0
23.20471028139096,18.547869339051292,2.0
6.440809761915235,16.155202848685683,0.0
7.330545305960971,17.270982519025427,0.0
25.663472150440704,16.791468655099166,2.0
39.03246181180612,30.9154788006676,1.0
7.380887964021916,17.512335345799595,0.0
6.806102342947419,16.465643904508894,0.0
8.157325605162002,19.331774327208198,0.0
8.830215027931642,15.880602954387557,0.0
39.99221868784869,31.084332458023436,1.0
39.272680387409146,31.828890652893506,1.0
7.062678947882584,16.51533257719445,0.0
7.474073095932868,18.36104962283647,0.0
9.115299637896134,15.461666650385038,0.0
23.376081787478427,18.989273719133234,2.0
38.329903753922906,32.66565098357317,1.0
23.609136135501885,16.129897196040435,2.0
22.115440257779312,18.846011512942972,2.0
22.913649256105842,16.382614397462216,2.0
23.372108918175915,17.003237239902017,2.0
39.34504965570729,30.887741916446135,1.0
9.50362525462617,17.993815237216744,0.0
38.84459547410825,31.8760016627385,1.0
9.01585698443046,16.549953649173556,0.0
8.77264314500151,17.658839046911687,0.0
25.611422297807714,17.171826183905466,2.0
24.32945332452571,19.089179335163887,2.0
23.79808008303021,17.655449530869213,2.0
7.901912086093114,18.07587550030624,0.0
22.258022150405708,18.24164163167253,2.0
38.629303034377784,31.399465524815096,1.0
23.594241351228558,18.836139179517048,2.0
21.945457270933826,17.938472597214034,2.0
39.42276822623539,32.30830520245836,1.0
8.094425611913998,18.431378303798997,0.0
6.495807426954652,18.636698050982307,0.0
37.43923274634745,31.53126710761124,1.0
23.86733602985445,17.268763660164627,2.0
8.589650815709298,17.540363413235124,0.0
21.741472876405382,17.860890463925774,2.0
23.379628626474947,19.1996445283009,2.0
7.014426834984988,17.348212305194743,0.0
7.595412657733637,17.751160867983707,0.0
24.695255750825513,18.782641253011228,2.0
6.871791798254555,17.97528545869677,0.0
39.01764564078058,31.410676032592722,1.0
23.41491982393651,16.873527871145928,2.0
38.911798429351826,31.300163787059326,1.0
38.622641629657224,31.768712259251377,1.0
9.06785978130565,17.54385743594087,0.0
7.914384985929826,16.155755550606088,0.0
23.464067967988704,17.509714490581516,2.0
21.414505333711535,16.581961281274967,2.0
22.91196154669576,17.157489443609865,2.0
9.308089580243974,18.17120557268815,0.0
24.476136650671766,17.51253629652053,2.0
38.61979642637646,27.404411550985767,1.0
7.802563876691708,15.933292152841275,0.0
8.159559534793063,17.306701964232666,0.0
23.43112040396371,17.668539565837854,2.0
22.0122508760267,19.20589472995473,2.0
6.348018948229145,16.771849269970204,0.0
5.27134911680953,18.432393037213064,0.0
21.5276246674162,16.655249962561353,2.0
6.644731009200223,16.619926324846734,0.0
36.845746441115836,32.25726830334148,1.0
6.724281847154145,18.97554792377374,0.0
8.836659023901921,17.08500441683691,0.0
23.549100763693193,17.597206531526986,2.0
23.162477958682175,17.66248294124271,2.0
35.39670479757659,31.00445533736417,1.0
37.04130394425369,31.902935226174673,1.0
7.8156602402939095,17.503170724337423,0.0
38.42866584696296,32.42184793857185,1.0
40.92470211629091,31.31658151218427,1.0
22.166542368195195,17.31004407047668,2.0
23.207343907933424,16.071494312723352,2.0
23.174765108777038,18.326518902678032,2.0
22.77224213777553,18.933113063582912,2.0
6.850224435112411,18.387421439268547,0.0
37.78930619064868,31.126666970783152,1.0
10.072222967639043,16.53304553720138,0.0
8.511611608218566,17.848725955885072,0.0
24.085910003470236,18.594622307179506,2.0
39.46819749342951,32.51362926321705,1.0
23.67829847791606,16.40022110849129,2.0
25.163249607270085,17.57433450752389,2.0
20.381450954964937,17.600457524226794,2.0
39.910937470195655,31.479138117449367,1.0
22.11873592266071,18.09788108741417,2.0
8.577822707404714,16.18330642085346,0.0
39.528154904366616,31.349316644659826,1.0
6.694731626787277,17.118622817624967,0.0
7.720929537525532,16.727395150996674,0.0
6.97618032702531,18.56984828819239,0.0
6.438470813938628,18.62666737028963,0.0
22.72872556663236,17.946247112312076,2.0
25.516478284974067,17.62822942133112,2.0
7.039552031704851,17.3657370507748,0.0
38.63471847935128,31.108328631636866,1.0
39.72656811192087,31.343822328766464,1.0
22.52791273774199,15.989423216859953,2.0
40.10163061690909,34.30643393248402,1.0
7.260278057154182,17.47115321567014,0.0
39.21093793507734,32.569541084511485,1.0
41.06107901501137,31.5459629990767,1.0
36.80340068844298,32.69759757142252,1.0
24.5301627074922,18.71474342898488,2.0
23.32139399329208,17.18799430930548,2.0
22.73813658165785,19.445408213202686,2.0
38.5021961965033,33.01930119382535,1.0
38.72472631528569,32.91248191325779,1.0
22.13766742777117,18.161473852285667,2.0
38.62119219031218,31.454888642305846,1.0
7.40566841991427,17.93033551508803,0.0
22.638541859825136,16.247416682214066,2.0
38.56046491324914,30.001237267046356,1.0
22.747647629177067,17.54455443046273,2.0
7.575249202245869,16.376113961803263,0.0
7.08231108982299,17.11684948900965,0.0
38.896631541384544,29.87920077955671,1.0
38.538222514318164,30.69231188663817,1.0
37.35209452871388,31.131157103680643,1.0
21.87065113563583,17.524634249193053,2.0
22.868026456791572,16.5415578744463,2.0
38.390479295165974,31.450465716179284,1.0
23.243848021265187,16.878943230716903,2.0
39.52048525073338,31.815616317261078,1.0
24.06424603770028,17.500904434488287,2.0
8.905933333987312,18.981563158736694,0.0
40.107344884143345,31.781215111349756,1.0
7.600157218068773,16.9996843091542,0.0
39.025483644459655,30.29827085862992,1.0
9.34632440242244,15.92884626208259,0.0
8.040615404602136,16.890681924872368,0.0
38.712399398770025,30.660667610116793,1.0
7.323867320693658,17.82612904774234,0.0
8.68712831870059,19.076792959894753,0.0
8.586248673618533,16.905238740654255,0.0
20.81242898196578,18.090341137865643,2.0
37.91168002226606,30.23629452065701,1.0
38.56316631382188,30.382917235237223,1.0
21.522152031764993,17.595793236770714,2.0
6.9463323800892525,17.240369988993706,0.0
38.55907366566871,30.279744824665823,1.0
25.487385124288373,19.769999791045855,2.0
23.59265383921308,18.031034231285236,2.0
24.9089518648368,17.40977110822808,2.0
24.046233671390297,18.405031027010896,2.0
9.44879872338017,17.493668856802305,0.0
8.409337761426674,16.658546790379155,0.0
7.181379425257834,17.95062006395527,0.0
7.9359347714034705,17.354580210590033,0.0
23.40626012640822,18.568548965048638,2.0
37.1972292982507,31.205210226777226,1.0
39.88784952263102,30.348954378782896,1.0
22.78080334267194,17.248496547792204,2.0
38.504674937448364,31.509418151089065,1.0
8.905370075780237,16.157640121365088,0.0
39.550603966682054,31.446865344471387,1.0
39.386988452274664,30.8413944664873,1.0
7.577428101218246,16.824734573103868,0.0
22.67714519185815,16.43971812677912,2.0
6.2283293635722075,18.599480216392358,0.0
8.298637796595084,17.463093641347832,0.0
38.48977387681151,31.914797117818907,1.0
37.41989881780003,30.29171979401239,1.0
37.64007618857753,31.70785080075759,1.0
23.646888025557733,19.05283419121579,2.0
7.635441251425889,16.961158802911044,0.0
8.41521258123744,18.5373070982944,0.0
23.00989856744161,18.615765424874503,2.0
6.517604037616923,19.992282132902925,0.0
36.73935341386246,31.610135848112304,1.0
6.836022785493441,15.731495530967724,0.0
7.008794474743566,16.68157290096854,0.0
8.429940378687437,18.27501368555562,0.0
37.79473404041336,32.65427047010052,1.0
38.79740353169057,31.092625267446127,1.0
37.333349084422224,31.802966931077588,1.0
7.090428349870543,17.18089980758881,0.0
38.781245348847165,29.6602625757897,1.0
20.792990208024356,17.335919985533444,2.0
8.882172127629513,16.554403263938273,0.0
39.89880170281602,32.21413445842477,1.0
7.593758605677667,17.26832018299452,0.0
40.03510213019376,30.70654473604547,1.0
38.881005712124534,32.00310576375051,1.0
7.857204192755583,18.147473639383744,0.0
23.30039339906456,18.964759978350653,2.0
36.99834918282991,33.256571736350814,1.0
23.23066600367346,15.962781500776202,2.0
9.661496055336633,17.433892835604563,0.0
39.85390930934365,31.253797299620818,1.0
7.502283739606646,16.74859761440729,0.0
38.372879769577914,30.699299330284134,1.0
7.2944337129617,17.161006094260934,0.0
8.520385731545483,17.495357185154713,0.0
39.69021386857893,29.029558905920723,1.0
23.574077545701083,18.67772931918708,2.0
8.306877201722047,15.807207295290336,0.0
38.29611215953671,31.5067193179097,1.0
38.64384034920785,30.731852771882995,1.0
37.61469064580072,30.891277830477033,1.0
22.353827019892087,17.424615896037793,2.0
6.796174028855036,17.964231317836475,0.0
22.476202576163942,16.546296053689122,2.0
23.661292719549664,18.37529677796323,2.0
39.71529622820553,32.96253783022072,1.0
24.104101007135917,18.339625554407643,2.0
23.89752234582462,17.854919688786207,2.0
20.92882179170715,17.63482363076295,2.0
24.121172832323598,16.46887558036322,2.0
20.49754248779773,17.55869826770746,2.0
39.35582993183719,31.826239256843753,1.0
36.42339116327376,32.544616293520825,1.0
39.35238482360372,31.83705549946117,1.0
24.457562085047602,18.032668566852568,2.0
39.35745672729402,32.472209293035284,1.0
39.297669485448836,29.83381797747746,1.0
8.987445330441973,17.860309901820237,0.0
39.84658731862326,31.403987599248133,1.0
21.32630553895259,18.628670990741917,2.0
23.456991328128336,17.40835418307793,2.0
8.185775855972759,17.955241875832808,0.0
7.816517045544313,17.760516824230187,0.0
23.915295827095864,18.553295784011294,2.0
26.05383599464399,17.288646081841094,2.0
38.71850933634501,29.74448906631972,1.0
8.664881967424426,16.927934267246968,0.0
8.433146503625444,17.194380060335256,0.0
23.58396849045232,17.22530516917824,2.0
40.04390868699626,33.017825388082734,1.0
39.233202295707905,30.718536566392203,1.0
22.9581703914059,16.701280026718596,2.0
39.16107958065929,32.37341344634555,1.0
8.338378802705412,15.828671560367907,0.0
38.03899806673464,30.706542670225105,1.0
7.084470859164952,16.583377880388944,0.0
8.048007227968492,17.903934518855316,0.0
37.49771226102939,32.78440947575256,1.0
23.370632517945097,17.86099867977944,2.0
37.51367500028251,33.00899824148764,1.0
38.10056501591957,30.930234038654998,1.0
39.16411209103545,30.961100809572514,1.0
7.3640553779875715,16.939153442001473,0.0
22.81139111866422,17.9007323912571,2.0
22.24593556852155,17.179442627355492,2.0
38.71689947603746,30.926858802945077,1.0
7.644692173400341,19.563419445174222,0.0
7.940862531699297,17.269067949011486,0.0
8.86503883034403,18.529658112932957,0.0
23.990007242805934,18.358638690256143,2.0
37.496729194562924,30.234492883180167,1.0
7.582024427627293,16.562605075162054,0.0
23.18935378505041,19.087929738407134,2.0
22.909286068489024,18.538896042226572,2.0
6.90123571093986,16.714051672742556,0.0
38.97501577816245,32.44644152914514,1.0
20.28522561151933,18.338333235598387,2.0
7.626632259999999,16.4324474648672,0.0
21.693547937748328,18.105525909645944,2.0
6.921370215728668,16.191396430470885,0.0
38.22442221532325,30.764378661235902,1.0
23.28715125190969,19.746328177928376,2.0
39.62886666864722,32.92574279200817,1.0
23.124223557589268,17.99077701759746,2.0
8.823864876171182,16.828110588447903,0.0
40.51143956989354,32.16118678140498,1.0
38.26102872826209,30.689419888869956,1.0
22.996800500430236,17.02706437220318,2.0
22.844756782516868,17.2744283624003,2.0
7.995820314558984,16.85067305884532,0.0
37.335249085994334,30.202404365522547,1.0
39.06272860592947,31.91619736419588,1.0
38.653958273720725,32.10635490770086,1.0
38.306117785951116,31.58368811986871,1.0
23.69014145599768,17.803738650652395,2.0
7.725228599177658,16.277094155850527,0.0
37.53727022026793,33.68237757527005,1.0
23.107582928045648,17.062886035697968,2.0
7.409341478276164,19.33363632512984,0.0
7.488536799227383,16.501920050443353,0.0
38.68705860345803,30.816993680234134,1.0
23.387278649049122,16.254082834494422,2.0
23.31318409899421,17.746074892009904,2.0
6.4415401085742054,17.454775527591817,0.0
38.661629327117424,30.51726932503929,1.0
21.559929776365365,17.911269051045387,2.0
22.658745618685206,17.547154072780025,2.0
7.336729985713074,18.389871665541378,0.0
39.74001555361834,31.288107930815656,1.0
38.95279206537545,31.019055445412654,1.0
39.59780004636762,31.305542544153933,1.0
7.123579480618753,16.56438106788124,0.0
7.640592455765093,18.2959970336845,0.0
9.572694731453373,16.303576931134312,0.0
10.760859771771015,17.998023128323677,0.0
24.264996703491402,19.368366062761133,2.0
38.754874663544626,32.5661504759953,1.0
8.207838154225215,18.443439040461026,0.0
40.23304509544007,31.31902470457032,1.0
36.85001287608952,30.091696148663363,1.0
8.701994789575258,17.8124854441022,0.0
38.71880986729618,31.714513748964663,1.0
39.76421007652587,30.700658786838787,1.0
23.745902466301523,18.637805644782212,2.0
23.748661953990005,18.56714630936841,2.0
37.03091019384865,31.703510575156184,1.0
21.891545564009192,17.30351981511424,2.0
8.593450266747375,17.68504572554723,0.0
24.36659625310939,17.794663196115028,2.0
22.117925935962504,19.322364403870143,2.0
23.517724205999126,15.604055805628432,2.0
9.395879311533525,17.823305442916126,0.0
7.206137116247051,17.575384192831123,0.0
5.818097925723083,16.60258893394671,0.0
24.824902956442514,17.642278650334813,2.0
8.89526802808647,16.843354230768032,0.0
39.18774852750663,30.47330072842083,1.0
24.50891477959626,17.715733984669605,2.0
7.176434276522888,19.124281785852272,0.0
39.35159134244792,30.899010406846294,1.0
37.58853861968403,29.88386460986097,1.0
9.495555941450625,18.35037256030279,0.0
7.301378825849975,17.770755596894066,0.0
8.494812732150896,18.5116540783091,0.0
7.566027817704959,18.20599312095073,0.0
8.604517158253127,17.407006680413595,0.0
23.320528762208838,18.085509120490908,2.0
22.66951641715786,16.345351001324378,2.0
23.052157581410693,19.3803281352371,2.0
24.410105214003313,17.187258009888513,2.0
39.13933753330023,30.18578005292133,1.0
37.13098865460404,31.320351779520383,1.0
8.327113773985005,16.4857411683182,0.0
39.48147530130665,30.404344358904783,1.0
7.433445359701649,16.33140454847067,0.0
24.292876650167013,17.834415906750056,2.0
38.48220860078154,31.131456447323238,1.0
22.226247972239577,19.641134275932416,2.0
7.770180565922638,17.317555164587812,0.0
22.750928251231624,18.28914134540834,2.0
39.09608805717418,31.85982004393071,1.0
7.02371737523218,16.82340661792744,0.0
22.921665818146604,18.26195569452967,2.0
38.36078420840748,32.58234119761786,1.0
39.688993311126474,16.721263597257227,3.0
39.03143510180538,17.180106919768036,3.0
36.483397040686114,19.072835625125126,3.0
32.86682688942007,20.965564330482216,3.0
29.825620171309986,22.3994497133285,3.0
27.441971662521,23.603913434919377,3.0
27.441971662521,23.603913434919377,3.0
24.64734927290633,25.03779881776566,3.0
18.89371494134671,27.79085875283052,3.0
15.441534342410936,29.339454966304505,3.0
12.893496281291679,29.913009119443014,3.0
11.742769414979755,23.833335096174782,3.0
12.400327624300854,21.997961806131542,3.0
12.893496281291679,20.219943931402153,3.0
12.893496281291679,20.219943931402153,3.0
13.222275385952226,17.86837190353425,3.0
33.85316420340172,16.43448652068797,3.0
30.154399275970533,15.172667383783242,3.0
26.86660822936504,14.828534891900134,3.0
24.23637539208064,14.44593330360295,3.0
22.099311211787068,13.937599061316114,3.0
19.633467926832946,13.719361544839316,3.0
18.647130612851296,14.234038354530435,3.0
17.989572403530197,16.868693451758777,3.0
18.400546284355883,21.9541904998972,3.0
15.3593395662458,16.929964500531526,3.0
13.3866649382825,13.253701574166401,3.0
11.496185086484342,13.090793526155611,3.0
7.879614935218297,13.116050240925048,3.0
3.9342656792917,13.873751684008207,3.0
2.9652004164231975,14.947162061709347,3.0
1.9713223937997961,16.90455745634084,3.0
1.393436725654417,20.503639310985836,3.0
5.7334953153814645,23.976437591783643,3.0
7.614458794231274,23.345019722547676,3.0
4.927368110160119,21.513907901763382,3.0
2.6881258734341547,19.303945359437506,3.0
4.300380283876848,14.37888597939698,3.0
5.912634694319541,13.052908454001454,3.0
13.97390674653301,12.76193756947461,3.0
17.198415567418394,12.33874210520121,3.0
23.55786351972013,11.907233872879583,3.0
33.05225060343821,12.000563873127938,3.0
38.15772290317341,12.467213874369698,3.0
42.636207376625336,12.867199589719775,3.0
42.13730289294423,15.80042816895369,3.0
40.4909180967966,19.733621036562802,3.0
37.381080148517746,22.800178187580077,3.0
33.996844734214285,24.200128191305353,3.0
31.52726753999284,25.600078195030633,3.0
26.95397643958276,27.600006771781025,3.0
24.575865067369513,28.666635346047904,3.0
21.19162965306606,29.9999210638815,3.0
17.532996772737995,31.53319963939014,3.0
12.868239850319709,31.933185354740218,3.0
5.642439911671781,29.199949633181348,3.0
11.313320876180283,26.33338533983911,3.0
15.337817044541152,25.66674248092231,3.0
18.53912081482821,24.666778192547113,3.0
23.8441384913039,22.866842473471756,3.0
25.94785239749254,22.00020675687992,3.0
28.508895413722186,20.93357818261304,3.0
32.89925487011586,18.733656748187606,3.0
35.91762699638652,17.200378172678967,3.0
38.29573836859976,14.733799594686811,3.0
34.7285713102799,13.533842448636575,3.0
30.155280209869815,13.467178162744894,3.0
25.399057465443327,13.267185305069855,3.0
29.057690345771398,12.600542446153057,3.0
29.880882743845213,17.200378172678967,3.0
29.697951099828806,18.000349603379128,3.0
27.502771371631965,21.26689961207144,3.0
24.11853595732851,23.266828188821837,3.0
21.100163831057856,24.333456763088712,3.0
17.35006512872159,26.866699626972547,3.0
10.764525944131075,29.266613919073023,3.0
10.581594300114668,26.26672105394743,3.0
13.87436389240993,24.733442478438796,3.0
16.89273601868058,23.733478190063593,3.0
20.094039788967635,23.133499617038474,3.0
19.362313212902023,20.200271037804562,3.0
17.532996772737995,19.200306749429366,3.0
16.16100944261497,18.466999604620884,3.0
15.15488540052475,22.866842473471756,3.0
23.5697410252793,29.799928206206467,3.0
27.319839727615566,31.466535353498458,3.0
29.332087811796,32.3331710700903,3.0
30.33821185388622,32.73315678544038,3.0
32.71632322609946,33.99977821738229,3.0
34.7285713102799,34.799749648082454,3.0
33.08218651413227,31.897305683726376,3.0
33.08218651413227,29.51266862380941,3.0
34.179776378230684,25.220321915958873,3.0
35.0029687763045,22.971949830894303,3.0
39.11893076667357,23.176347293172903,3.0
42.32023453696063,24.266467091992087,3.0
43.234892757042644,25.969779277647064,3.0
44.12064938673937,27.877488925580636,3.0
45.21467277544053,29.580801111235612,3.0
45.46205072088288,23.85767216743489,3.0
45.41762671483931,21.88183003207512,3.0
45.41762671483931,19.837855409289148,3.0
45.90629078131865,17.112555912241188,3.0
32.139613740716044,18.747735610469963,3.0
31.64602362517945,17.112555912241188,3.0
41.41910791280411,20.927975208108332,3.0
45.36782883709691,34.35007523106954,3.0
47.53962534545795,35.64459249216732,3.0
43.8088548542198,36.16737955699688,3.0
40.32928337361365,36.77388319909982,3.0
37.5660942566617,37.469557317154795,3.0
35.31460682803419,38.41292877759829,3.0
47.59544734782061,33.86909536536079,3.0
47.85626514971993,28.74150557724557,3.0
47.397257368917664,24.718319743493623,3.0
47.60334249499215,20.852905903222144,3.0
47.500299931954906,15.488658124886218,3.0
47.29421480588042,11.62324428461474,3.0
44.71815072994937,11.41594315460951,3.0
44.61510816691213,12.3319123096752,3.0
28.64351089613961,37.15949730224524,3.0
24.62485093768717,37.96297901721515,3.0
16.278403331670567,36.516711930269324,3.0
20.606190979234732,33.704525927874656,3.0
23.59442530731475,32.74034786991077,3.0
6.901530095281538,26.473190493145516,3.0
13.187126440553305,34.90974850032951,3.0
7.3137003474305065,33.22243689889271,3.0
1.749401943419434,30.169206382007076,3.0
15.45406282737263,14.581661111590932,3.0
20.400105853160248,12.25156413817821,3.0
33.2804262328155,10.644600708238402,3.0
41.1116610236459,10.512370574574783,3.0
44.51206560387489,14.94656643184102,3.0
43.48163997350247,17.35465032436388,3.0
39.05080976290106,24.412827250724,3.0
36.165617997858284,25.160163631162128,3.0
29.776979089549272,29.06292028456125,3.0
26.376574509320285,34.377312323232395,3.0
30.292191904735482,34.87553657685782,3.0
33.38346879585274,37.86488209861034,3.0
30.395234467772724,38.11399422542305,3.0
20.50314841619749,37.034508342567975,3.0
38.53559694771485,24.080677748307053,3.0
36.680830813044494,25.40927575797484,3.0
34.41389442622516,26.737873767642625,3.0
30.086106778660998,27.40217277247652,3.0
30.498277030809966,31.387966801479877,3.0
31.322617535107902,30.557593045437514,3.0
30.395234467772724,29.145957660165486,3.0
27.09787245058098,29.395069786978198,3.0
26.479617072357527,31.8861910551053,3.0
31.631745224219628,35.87198508410866,3.0
23.697467870351993,33.380863815981556,3.0
23.07921249212854,35.12464870367053,3.0
20.297063290123006,36.95147096696374,3.0
18.133169466340924,34.958573952462054,3.0
15.866233079521598,33.29782644037732,3.0
13.084083877516063,15.029603807445257,3.0
9.477594171212589,13.534931046568998,3.0
8.653253666914653,11.375959280858844,3.0
12.156700810180881,11.126847154046134,3.0
19.060552533676102,11.043809778441897,3.0
30.70436215688445,10.545585524816477,3.0
2.1615721955684037,10.877735027233424,3.0
0.7189763130470137,12.289370412505448,3.0
-0.27888968047126284,15.112641183049494,3.0
-1.4046312047257352,20.260958470512165,3.0
-1.9012128212020016,26.23964951401721,3.0
-1.7407048277474146,30.557593045437514,3.0
-0.5268631272471005,35.04161132806629,3.0
3.1146619742538384,37.94791947421458,3.0
8.963171985755348,38.280068976631526,3.0
13.046094069256402,38.030956849818814,3.0
4.990599147754324,31.803153679501065,3.0
-0.4165138817470737,26.737873767642625,3.0
-0.8579108637471862,25.243201006766363,3.0
3.8871066927540383,26.322686889621444,3.0
7.749330285255034,29.561144538186674,3.0
11.832252368756091,32.799602186751905,3.0
16.025523697757173,34.04516282081545,3.0
19.446350308258054,34.70946182564934,3.0
25.84660654725971,35.290723454879,3.0
29.48813164876065,34.70946182564934,3.0
27.832892966260218,30.972779923458695,3.0
19.556699553758087,29.976331416207856,3.0
18.784254835257883,25.741425260391786,3.0
19.777398044758144,24.495864626328235,3.0
26.177654283759793,25.741425260391786,3.0
26.177654283759793,25.741425260391786,3.0
